[{"pk": "ab-CD", "model": "zoo2.locale", "fields": {"name": "Test"}}, {"pk": "de", "model": "zoo2.locale", "fields": {"name": "German"}}, {"pk": "en-US", "model": "zoo2.locale", "fields": {"name": "English (United States)"}}, {"pk": "fr", "model": "zoo2.locale", "fields": {"name": "French"}}, {"pk": 1, "model": "zoo2.repo", "fields": {"head_commit": "7fc23e71dceec0e9998c19d3f43bd361209a788a", "locale_path": "locale", "branch": "master", "full_name": "darktrojan/menufilter"}}, {"pk": 2, "model": "zoo2.repo", "fields": {"head_commit": "0c2b58f14470c090971ad945a519593a8929a831", "locale_path": "locale", "branch": "unreleased", "full_name": "darktrojan/shrunked"}}, {"pk": 2, "model": "zoo2.translation", "fields": {"locale": "fr", "repo": 2, "pull_request": 0, "head_commit": ""}}, {"pk": 3, "model": "zoo2.translation", "fields": {"locale": "ab-CD", "repo": 1, "pull_request": 7, "head_commit": "7b7d9b9a65db9db91f558ae76b61d94f5285f846"}}, {"pk": 4, "model": "zoo2.translation", "fields": {"locale": "de", "repo": 1, "pull_request": 0, "head_commit": ""}}, {"pk": 1, "model": "zoo2.file", "fields": {"repo": 1, "path": "strings.dtd"}}, {"pk": 2, "model": "zoo2.file", "fields": {"repo": 1, "path": "strings.properties"}}, {"pk": 3, "model": "zoo2.file", "fields": {"repo": 2, "path": "shrunked.dtd"}}, {"pk": 4, "model": "zoo2.file", "fields": {"repo": 2, "path": "shrunked.properties"}}, {"pk": 1, "model": "zoo2.string", "fields": {"pre": "", "file": 1, "locale": "en-US", "value": "Menu Filter", "key": "page.title", "post": "\n"}}, {"pk": 2, "model": "zoo2.string", "fields": {"pre": "\n", "file": 1, "locale": "en-US", "value": "Select a window:", "key": "windowtype.list.label", "post": "\n"}}, {"pk": 3, "model": "zoo2.string", "fields": {"pre": "", "file": 1, "locale": "en-US", "value": "Browser Window", "key": "windowtype.list.browser", "post": "\n"}}, {"pk": 4, "model": "zoo2.string", "fields": {"pre": "", "file": 1, "locale": "en-US", "value": "Mail Window", "key": "windowtype.list.mail", "post": "\n"}}, {"pk": 5, "model": "zoo2.string", "fields": {"pre": "", "file": 1, "locale": "en-US", "value": "Composer Window", "key": "windowtype.list.composer", "post": "\n"}}, {"pk": 6, "model": "zoo2.string", "fields": {"pre": "\n", "file": 1, "locale": "en-US", "value": "Select a menu to filter:", "key": "menuid.list.label", "post": "\n"}}, {"pk": 7, "model": "zoo2.string", "fields": {"pre": "", "file": 1, "locale": "en-US", "value": "Main Context Menu", "key": "menuid.list.contentContext.label", "post": "\n"}}, {"pk": 8, "model": "zoo2.string", "fields": {"pre": "", "file": 1, "locale": "en-US", "value": "Tab Context Menu", "key": "menuid.list.tabContext.label", "post": "\n"}}, {"pk": 9, "model": "zoo2.string", "fields": {"pre": "", "file": 1, "locale": "en-US", "value": "Bookmarks Context Menu", "key": "menuid.list.placesContext.label", "post": "\n"}}, {"pk": 10, "model": "zoo2.string", "fields": {"pre": "", "file": 1, "locale": "en-US", "value": "Folder Pane Context Menu", "key": "menuid.list.folderPaneContext.label", "post": "\n"}}, {"pk": 11, "model": "zoo2.string", "fields": {"pre": "", "file": 1, "locale": "en-US", "value": "File Menu", "key": "menuid.list.file.label", "post": "\n"}}, {"pk": 12, "model": "zoo2.string", "fields": {"pre": "", "file": 1, "locale": "en-US", "value": "Edit Menu", "key": "menuid.list.edit.label", "post": "\n"}}, {"pk": 13, "model": "zoo2.string", "fields": {"pre": "", "file": 1, "locale": "en-US", "value": "View Menu", "key": "menuid.list.view.label", "post": "\n"}}, {"pk": 14, "model": "zoo2.string", "fields": {"pre": "", "file": 1, "locale": "en-US", "value": "Go Menu", "key": "menuid.list.go.label", "post": "\n"}}, {"pk": 15, "model": "zoo2.string", "fields": {"pre": "", "file": 1, "locale": "en-US", "value": "History Menu", "key": "menuid.list.history.label", "post": "\n"}}, {"pk": 16, "model": "zoo2.string", "fields": {"pre": "", "file": 1, "locale": "en-US", "value": "Message Menu", "key": "menuid.list.message.label", "post": "\n"}}, {"pk": 17, "model": "zoo2.string", "fields": {"pre": "", "file": 1, "locale": "en-US", "value": "Bookmarks Menu", "key": "menuid.list.bookmarks.label", "post": "\n"}}, {"pk": 18, "model": "zoo2.string", "fields": {"pre": "", "file": 1, "locale": "en-US", "value": "Events and Tasks Menu", "key": "menuid.list.lightning.label", "post": "\n"}}, {"pk": 19, "model": "zoo2.string", "fields": {"pre": "", "file": 1, "locale": "en-US", "value": "Insert Menu", "key": "menuid.list.insert.label", "post": "\n"}}, {"pk": 20, "model": "zoo2.string", "fields": {"pre": "", "file": 1, "locale": "en-US", "value": "Format Menu", "key": "menuid.list.format.label", "post": "\n"}}, {"pk": 21, "model": "zoo2.string", "fields": {"pre": "", "file": 1, "locale": "en-US", "value": "Table Menu", "key": "menuid.list.table.label", "post": "\n"}}, {"pk": 22, "model": "zoo2.string", "fields": {"pre": "", "file": 1, "locale": "en-US", "value": "Tools Menu", "key": "menuid.list.tools.label", "post": "\n"}}, {"pk": 23, "model": "zoo2.string", "fields": {"pre": "", "file": 1, "locale": "en-US", "value": "Window Menu", "key": "menuid.list.window.label", "post": "\n"}}, {"pk": 24, "model": "zoo2.string", "fields": {"pre": "", "file": 1, "locale": "en-US", "value": "Help Menu", "key": "menuid.list.help.label", "post": "\n"}}, {"pk": 25, "model": "zoo2.string", "fields": {"pre": "", "file": 1, "locale": "en-US", "value": "Toolbar/Panel History Menu", "key": "menuid.list.historyPanel.label", "post": "\n"}}, {"pk": 26, "model": "zoo2.string", "fields": {"pre": "", "file": 1, "locale": "en-US", "value": "Toolbar Bookmarks Menu", "key": "menuid.list.bookmarksToolbarPanel.label", "post": "\n"}}, {"pk": 27, "model": "zoo2.string", "fields": {"pre": "", "file": 1, "locale": "en-US", "value": "Panel Bookmarks Menu", "key": "menuid.list.bookmarksPanel.label", "post": "\n"}}, {"pk": 28, "model": "zoo2.string", "fields": {"pre": "", "file": 1, "locale": "en-US", "value": "Developer Tools Menu", "key": "menuid.list.developer.label", "post": "\n"}}, {"pk": 29, "model": "zoo2.string", "fields": {"pre": "\n", "file": 1, "locale": "en-US", "value": "Show Selected", "key": "show.button.label", "post": "\n"}}, {"pk": 30, "model": "zoo2.string", "fields": {"pre": "", "file": 1, "locale": "en-US", "value": "Hide Selected", "key": "hide.button.label", "post": "\n"}}, {"pk": 31, "model": "zoo2.string", "fields": {"pre": "\n", "file": 1, "locale": "en-US", "value": "Menu Filter is only possible because people like you donate.", "key": "donate.label.text", "post": "\n"}}, {"pk": 32, "model": "zoo2.string", "fields": {"pre": "", "file": 1, "locale": "en-US", "value": "Donate Today!", "key": "donate.button.label", "post": "\n"}}, {"pk": 33, "model": "zoo2.string", "fields": {"pre": "", "file": 1, "locale": "de", "value": "Menu Filter", "key": "page.title", "post": ""}}, {"pk": 34, "model": "zoo2.string", "fields": {"pre": "", "file": 1, "locale": "de", "value": "W\u00e4hle ein Fenste ausr:", "key": "windowtype.list.label", "post": ""}}, {"pk": 35, "model": "zoo2.string", "fields": {"pre": "", "file": 1, "locale": "de", "value": "Browser Fenster", "key": "windowtype.list.browser", "post": ""}}, {"pk": 36, "model": "zoo2.string", "fields": {"pre": "", "file": 1, "locale": "de", "value": "E-Mail Fenster", "key": "windowtype.list.mail", "post": ""}}, {"pk": 37, "model": "zoo2.string", "fields": {"pre": "", "file": 1, "locale": "de", "value": "Verfassen Fenster", "key": "windowtype.list.composer", "post": ""}}, {"pk": 38, "model": "zoo2.string", "fields": {"pre": "", "file": 1, "locale": "de", "value": "W\u00e4hle ein zu filterndes Men\u00fc aus:", "key": "menuid.list.label", "post": ""}}, {"pk": 39, "model": "zoo2.string", "fields": {"pre": "", "file": 1, "locale": "de", "value": "Haupt Rechtsklick Men\u00fc", "key": "menuid.list.contentContext.label", "post": ""}}, {"pk": 40, "model": "zoo2.string", "fields": {"pre": "", "file": 1, "locale": "de", "value": "Tab Rechtsklick Men\u00fc", "key": "menuid.list.tabContext.label", "post": ""}}, {"pk": 41, "model": "zoo2.string", "fields": {"pre": "", "file": 1, "locale": "de", "value": "Lesezeichen Rechtsklick Men\u00fc", "key": "menuid.list.placesContext.label", "post": ""}}, {"pk": 42, "model": "zoo2.string", "fields": {"pre": "", "file": 1, "locale": "de", "value": "Ordnerliste Rechtsklick Men\u00fc", "key": "menuid.list.folderPaneContext.label", "post": ""}}, {"pk": 43, "model": "zoo2.string", "fields": {"pre": "", "file": 1, "locale": "de", "value": "Datei Men\u00fc", "key": "menuid.list.file.label", "post": ""}}, {"pk": 44, "model": "zoo2.string", "fields": {"pre": "", "file": 1, "locale": "de", "value": "Bearbeiten Men\u00fc", "key": "menuid.list.edit.label", "post": ""}}, {"pk": 45, "model": "zoo2.string", "fields": {"pre": "", "file": 1, "locale": "de", "value": "Ansichts Men\u00fc", "key": "menuid.list.view.label", "post": ""}}, {"pk": 46, "model": "zoo2.string", "fields": {"pre": "", "file": 1, "locale": "de", "value": "Navigations Men\u00fc", "key": "menuid.list.go.label", "post": ""}}, {"pk": 47, "model": "zoo2.string", "fields": {"pre": "", "file": 1, "locale": "de", "value": "Verlaufs Men\u00fc", "key": "menuid.list.history.label", "post": ""}}, {"pk": 48, "model": "zoo2.string", "fields": {"pre": "", "file": 1, "locale": "de", "value": "Nachrichts Men\u00fc", "key": "menuid.list.message.label", "post": ""}}, {"pk": 49, "model": "zoo2.string", "fields": {"pre": "", "file": 1, "locale": "de", "value": "Lesezeichen Men\u00fc", "key": "menuid.list.bookmarks.label", "post": ""}}, {"pk": 50, "model": "zoo2.string", "fields": {"pre": "", "file": 1, "locale": "de", "value": "Ereignisse und Aufgaben Men\u00fc", "key": "menuid.list.lightning.label", "post": ""}}, {"pk": 51, "model": "zoo2.string", "fields": {"pre": "", "file": 1, "locale": "de", "value": "Einf\u00fcgen Men\u00fc", "key": "menuid.list.insert.label", "post": ""}}, {"pk": 52, "model": "zoo2.string", "fields": {"pre": "", "file": 1, "locale": "de", "value": "Formatieren Men\u00fc", "key": "menuid.list.format.label", "post": ""}}, {"pk": 53, "model": "zoo2.string", "fields": {"pre": "", "file": 1, "locale": "de", "value": "Tabellen Men\u00fc", "key": "menuid.list.table.label", "post": ""}}, {"pk": 54, "model": "zoo2.string", "fields": {"pre": "", "file": 1, "locale": "de", "value": "Extras Men\u00fc", "key": "menuid.list.tools.label", "post": ""}}, {"pk": 55, "model": "zoo2.string", "fields": {"pre": "", "file": 1, "locale": "de", "value": "Fenster Men\u00fc", "key": "menuid.list.window.label", "post": ""}}, {"pk": 56, "model": "zoo2.string", "fields": {"pre": "", "file": 1, "locale": "de", "value": "Hilfe Men\u00fc", "key": "menuid.list.help.label", "post": ""}}, {"pk": 57, "model": "zoo2.string", "fields": {"pre": "", "file": 1, "locale": "de", "value": "Toolbar/Panel History Menu", "key": "menuid.list.historyPanel.label", "post": ""}}, {"pk": 58, "model": "zoo2.string", "fields": {"pre": "", "file": 1, "locale": "de", "value": "Toolbar Bookmarks Menu", "key": "menuid.list.bookmarksToolbarPanel.label", "post": ""}}, {"pk": 59, "model": "zoo2.string", "fields": {"pre": "", "file": 1, "locale": "de", "value": "Panel Bookmarks Menu", "key": "menuid.list.bookmarksPanel.label", "post": ""}}, {"pk": 60, "model": "zoo2.string", "fields": {"pre": "", "file": 1, "locale": "de", "value": "Developer Tools Menu", "key": "menuid.list.developer.label", "post": ""}}, {"pk": 61, "model": "zoo2.string", "fields": {"pre": "", "file": 1, "locale": "de", "value": "Zeige ausgew\u00e4hlte", "key": "show.button.label", "post": ""}}, {"pk": 62, "model": "zoo2.string", "fields": {"pre": "", "file": 1, "locale": "de", "value": "Verstecke ausgew\u00e4hlte", "key": "hide.button.label", "post": ""}}, {"pk": 63, "model": "zoo2.string", "fields": {"pre": "", "file": 1, "locale": "de", "value": "Menu Filter ist nur m\u00f6glich, weil Leute wie du spenden.", "key": "donate.label.text", "post": ""}}, {"pk": 64, "model": "zoo2.string", "fields": {"pre": "", "file": 1, "locale": "de", "value": "Hier klicken zum Spenden", "key": "donate.button.label", "post": ""}}, {"pk": 65, "model": "zoo2.string", "fields": {"pre": "", "file": 2, "locale": "en-US", "value": "Menu Filter", "key": "toolsmenuitem.label", "post": ""}}, {"pk": 66, "model": "zoo2.string", "fields": {"pre": "", "file": 2, "locale": "en-US", "value": "Navigation Items", "key": "context-navigation.label", "post": ""}}, {"pk": 67, "model": "zoo2.string", "fields": {"pre": "", "file": 2, "locale": "de", "value": "Menu Filter", "key": "toolsmenuitem.label", "post": ""}}, {"pk": 68, "model": "zoo2.string", "fields": {"pre": "", "file": 2, "locale": "de", "value": "Navigations Elemente", "key": "context-navigation.label", "post": ""}}, {"pk": 69, "model": "zoo2.string", "fields": {"pre": "", "file": 2, "locale": "ab-CD", "value": "N\u00e0v\u012dg\u0103t\u0131\u014f\u0144 It\u00ebms", "key": "context-navigation.label", "post": ""}}, {"pk": 70, "model": "zoo2.string", "fields": {"pre": "", "file": 2, "locale": "ab-CD", "value": "M\u0117\u0146\u016d F\u00ef\u013et\u0113r", "key": "toolsmenuitem.label", "post": ""}}, {"pk": 71, "model": "zoo2.string", "fields": {"pre": "", "file": 1, "locale": "ab-CD", "value": "D\u014d\u0146\u0101t\u0117 T\u00f6d\u0101y!", "key": "donate.button.label", "post": ""}}, {"pk": 72, "model": "zoo2.string", "fields": {"pre": "", "file": 1, "locale": "ab-CD", "value": "M\u00eb\u0146\u0173 F\u0131\u0142t\u0117r \u00ecs \u0151\u00f1\u0140y p\u00f8ss\u0129b\u013a\u0113 b\u0119\u0109\u00e3\u016bs\u0115 p\u00ea\u00f6p\u013c\u00eb \u013c\u00eek\u0117 y\u00f4\u0171 d\u00f5\u0146\u00e0t\u00e9.", "key": "donate.label.text", "post": ""}}, {"pk": 73, "model": "zoo2.string", "fields": {"pre": "", "file": 1, "locale": "ab-CD", "value": "H\u00edd\u0115 S\u00e9\u013c\u00eb\u010bt\u00e8d", "key": "hide.button.label", "post": ""}}, {"pk": 74, "model": "zoo2.string", "fields": {"pre": "", "file": 1, "locale": "ab-CD", "value": "B\u00f8\u0151km\u0105rks M\u0115\u0148\u016d", "key": "menuid.list.bookmarks.label", "post": ""}}, {"pk": 75, "model": "zoo2.string", "fields": {"pre": "", "file": 1, "locale": "ab-CD", "value": "P\u0101\u0144\u00eb\u013e B\u00f4\u00f3km\u00e5rks M\u011b\u00f1\u0173", "key": "menuid.list.bookmarksPanel.label", "post": ""}}, {"pk": 76, "model": "zoo2.string", "fields": {"pre": "", "file": 1, "locale": "ab-CD", "value": "T\u014d\u00f6\u0140b\u00e0r B\u0151\u0151km\u0103rks M\u0115\u0144\u00f9", "key": "menuid.list.bookmarksToolbarPanel.label", "post": ""}}, {"pk": 77, "model": "zoo2.string", "fields": {"pre": "", "file": 1, "locale": "ab-CD", "value": "M\u0105\u00ee\u0149 C\u00f2\u0149t\u00e8xt M\u00eb\u0144\u016b", "key": "menuid.list.contentContext.label", "post": ""}}, {"pk": 78, "model": "zoo2.string", "fields": {"pre": "", "file": 1, "locale": "ab-CD", "value": "D\u00e9v\u0113\u013c\u0151p\u00ebr T\u014d\u00f8\u013es M\u0115\u0144\u016b", "key": "menuid.list.developer.label", "post": ""}}, {"pk": 79, "model": "zoo2.string", "fields": {"pre": "", "file": 1, "locale": "ab-CD", "value": "Ed\u0129t M\u0115\u0148\u016f", "key": "menuid.list.edit.label", "post": ""}}, {"pk": 80, "model": "zoo2.string", "fields": {"pre": "", "file": 1, "locale": "ab-CD", "value": "F\u00ed\u013c\u011b M\u0119\u0146\u00f9", "key": "menuid.list.file.label", "post": ""}}, {"pk": 81, "model": "zoo2.string", "fields": {"pre": "", "file": 1, "locale": "ab-CD", "value": "F\u00f4\u0140d\u0117r P\u00e3\u0148\u0113 C\u014d\u00f1t\u00eaxt M\u0115\u00f1\u00f9", "key": "menuid.list.folderPaneContext.label", "post": ""}}, {"pk": 82, "model": "zoo2.string", "fields": {"pre": "", "file": 1, "locale": "ab-CD", "value": "F\u00f5rm\u0105t M\u0119\u0144\u0171", "key": "menuid.list.format.label", "post": ""}}, {"pk": 83, "model": "zoo2.string", "fields": {"pre": "", "file": 1, "locale": "ab-CD", "value": "G\u00f3 M\u011b\u0146\u0173", "key": "menuid.list.go.label", "post": ""}}, {"pk": 84, "model": "zoo2.string", "fields": {"pre": "", "file": 1, "locale": "ab-CD", "value": "H\u0113\u0140p M\u00ea\u0149\u00fb", "key": "menuid.list.help.label", "post": ""}}, {"pk": 85, "model": "zoo2.string", "fields": {"pre": "", "file": 1, "locale": "ab-CD", "value": "H\u00efst\u00f8ry M\u0119\u0146\u016b", "key": "menuid.list.history.label", "post": ""}}, {"pk": 86, "model": "zoo2.string", "fields": {"pre": "", "file": 1, "locale": "ab-CD", "value": "T\u00f3\u00f2\u013eb\u00e5r/P\u0103\u014b\u0119\u013e H\u0131st\u00f8ry M\u00eb\u0149\u00fb", "key": "menuid.list.historyPanel.label", "post": ""}}, {"pk": 87, "model": "zoo2.string", "fields": {"pre": "", "file": 1, "locale": "ab-CD", "value": "I\u00f1s\u0113rt M\u0113\u0148\u00fa", "key": "menuid.list.insert.label", "post": ""}}, {"pk": 88, "model": "zoo2.string", "fields": {"pre": "", "file": 1, "locale": "ab-CD", "value": "S\u0115\u013a\u0119\u0109t \u00e2 m\u0115\u0148\u00f9 t\u0151 f\u012d\u0140t\u011br:", "key": "menuid.list.label", "post": ""}}, {"pk": 89, "model": "zoo2.string", "fields": {"pre": "", "file": 1, "locale": "ab-CD", "value": "Ev\u00ea\u0148ts \u00e0\u0144d T\u0103sks M\u00eb\u00f1\u0171", "key": "menuid.list.lightning.label", "post": ""}}, {"pk": 90, "model": "zoo2.string", "fields": {"pre": "", "file": 1, "locale": "ab-CD", "value": "M\u00ebss\u00e3g\u0119 M\u00ea\u0149\u016f", "key": "menuid.list.message.label", "post": ""}}, {"pk": 91, "model": "zoo2.string", "fields": {"pre": "", "file": 1, "locale": "ab-CD", "value": "B\u00f3\u014dkm\u0101rks C\u00f5\u014bt\u0113xt M\u00e8\u0149\u0173", "key": "menuid.list.placesContext.label", "post": ""}}, {"pk": 92, "model": "zoo2.string", "fields": {"pre": "", "file": 1, "locale": "ab-CD", "value": "T\u00e3b C\u00f2\u014bt\u00ebxt M\u011b\u0148\u00f9", "key": "menuid.list.tabContext.label", "post": ""}}, {"pk": 93, "model": "zoo2.string", "fields": {"pre": "", "file": 1, "locale": "ab-CD", "value": "T\u00e5b\u013e\u0113 M\u00e9\u00f1\u016f", "key": "menuid.list.table.label", "post": ""}}, {"pk": 94, "model": "zoo2.string", "fields": {"pre": "", "file": 1, "locale": "ab-CD", "value": "T\u00f6\u00f4\u013cs M\u011b\u0149\u016f", "key": "menuid.list.tools.label", "post": ""}}, {"pk": 95, "model": "zoo2.string", "fields": {"pre": "", "file": 1, "locale": "ab-CD", "value": "V\u012d\u011bw M\u0113\u00f1\u00fa", "key": "menuid.list.view.label", "post": ""}}, {"pk": 96, "model": "zoo2.string", "fields": {"pre": "", "file": 1, "locale": "ab-CD", "value": "W\u012d\u014bd\u00f6w M\u0117\u014b\u016f", "key": "menuid.list.window.label", "post": ""}}, {"pk": 97, "model": "zoo2.string", "fields": {"pre": "", "file": 1, "locale": "ab-CD", "value": "M\u00eb\u0146\u016b F\u012d\u013at\u0117r", "key": "page.title", "post": ""}}, {"pk": 98, "model": "zoo2.string", "fields": {"pre": "", "file": 1, "locale": "ab-CD", "value": "Sh\u014dw S\u0117\u013c\u0113\u010bt\u0115d", "key": "show.button.label", "post": ""}}, {"pk": 99, "model": "zoo2.string", "fields": {"pre": "", "file": 1, "locale": "ab-CD", "value": "Br\u00f2ws\u011br W\u012b\u00f1d\u014dw", "key": "windowtype.list.browser", "post": ""}}, {"pk": 100, "model": "zoo2.string", "fields": {"pre": "", "file": 1, "locale": "ab-CD", "value": "C\u0151mp\u0151s\u011br W\u012b\u014bd\u00f5w", "key": "windowtype.list.composer", "post": ""}}, {"pk": 101, "model": "zoo2.string", "fields": {"pre": "", "file": 1, "locale": "ab-CD", "value": "S\u0113\u0140\u0119\u0109t \u00e0 w\u00ee\u0149d\u00f6w:", "key": "windowtype.list.label", "post": ""}}, {"pk": 102, "model": "zoo2.string", "fields": {"pre": "", "file": 1, "locale": "ab-CD", "value": "M\u00e5\u00ec\u0142 W\u00ec\u014bd\u00f6w", "key": "windowtype.list.mail", "post": ""}}, {"pk": 103, "model": "zoo2.string", "fields": {"pre": "", "file": 3, "locale": "fr", "value": "Configuration de l'extension Shrunked Image Resizer", "key": "shrunked-config.title", "post": ""}}, {"pk": 104, "model": "zoo2.string", "fields": {"pre": "", "file": 3, "locale": "fr", "value": "Param\u00e8tres des sites", "key": "shrunked-sites.label", "post": ""}}, {"pk": 105, "model": "zoo2.string", "fields": {"pre": "", "file": 3, "locale": "fr", "value": "Site", "key": "shrunked-sites.sitelist.site", "post": ""}}, {"pk": 106, "model": "zoo2.string", "fields": {"pre": "", "file": 3, "locale": "fr", "value": "Param\u00e8tres", "key": "shrunked-sites.sitelist.settings", "post": ""}}, {"pk": 107, "model": "zoo2.string", "fields": {"pre": "", "file": 3, "locale": "fr", "value": "Oublier les sites choisis", "key": "shrunked-sites.forget.label", "post": ""}}, {"pk": 108, "model": "zoo2.string", "fields": {"pre": "", "file": 3, "locale": "fr", "value": "Par d\u00e9faut", "key": "shrunked-defaults.label", "post": ""}}, {"pk": 109, "model": "zoo2.string", "fields": {"pre": "", "file": 3, "locale": "fr", "value": "Qualit\u00e9 de l'encodage JPEG:", "key": "shrunked-defaults.quality.label", "post": ""}}, {"pk": 110, "model": "zoo2.string", "fields": {"pre": "", "file": 3, "locale": "fr", "value": "Fichiers plus petits", "key": "shrunked-defaults.quality.smaller", "post": ""}}, {"pk": 111, "model": "zoo2.string", "fields": {"pre": "", "file": 3, "locale": "fr", "value": "Meilleure qualit\u00e9 possible", "key": "shrunked-defaults.quality.better", "post": ""}}, {"pk": 112, "model": "zoo2.string", "fields": {"pre": "", "file": 3, "locale": "fr", "value": "Options de Shrunked Image Resizer", "key": "shrunked-options.title", "post": ""}}, {"pk": 113, "model": "zoo2.string", "fields": {"pre": "", "file": 3, "locale": "fr", "value": "Se souvenir de mes choix pour ce site Web", "key": "shrunked-options.remembersite.label", "post": ""}}, {"pk": 114, "model": "zoo2.string", "fields": {"pre": "", "file": 3, "locale": "fr", "value": "Enregistrer comme param\u00e8tres par d\u00e9faut", "key": "shrunked-options.savedefault.label", "post": ""}}, {"pk": 115, "model": "zoo2.string", "fields": {"pre": "", "file": 3, "locale": "fr", "value": "Original", "key": "shrunked-noresize.label", "post": ""}}, {"pk": 116, "model": "zoo2.string", "fields": {"pre": "", "file": 3, "locale": "fr", "value": "500\u2006px", "key": "shrunked-small.label", "post": ""}}, {"pk": 117, "model": "zoo2.string", "fields": {"pre": "", "file": 3, "locale": "fr", "value": "800\u2006px", "key": "shrunked-medium.label", "post": ""}}, {"pk": 118, "model": "zoo2.string", "fields": {"pre": "", "file": 3, "locale": "fr", "value": "1200\u2006px", "key": "shrunked-large.label", "post": ""}}, {"pk": 119, "model": "zoo2.string", "fields": {"pre": "", "file": 3, "locale": "fr", "value": "Personnalis\u00e9e", "key": "shrunked-custom.label", "post": ""}}, {"pk": 120, "model": "zoo2.string", "fields": {"pre": "", "file": 3, "locale": "fr", "value": "Largeur:", "key": "shrunked-width.label", "post": ""}}, {"pk": 121, "model": "zoo2.string", "fields": {"pre": "", "file": 3, "locale": "fr", "value": "Hauteur:", "key": "shrunked-height.label", "post": ""}}, {"pk": 122, "model": "zoo2.string", "fields": {"pre": "", "file": 3, "locale": "fr", "value": "Previsualisation:", "key": "shrunked-preview.label", "post": ""}}, {"pk": 123, "model": "zoo2.string", "fields": {"pre": "", "file": 3, "locale": "fr", "value": "Image pr\u00e9c\u00e9dente", "key": "shrunked-preview.previous.tooltip", "post": ""}}, {"pk": 124, "model": "zoo2.string", "fields": {"pre": "", "file": 3, "locale": "fr", "value": "Image suivante", "key": "shrunked-preview.next.tooltip", "post": ""}}, {"pk": 125, "model": "zoo2.string", "fields": {"pre": "", "file": 3, "locale": "fr", "value": "Taille minimum pour redimensionner:", "key": "shrunked-minsize.label", "post": ""}}, {"pk": 126, "model": "zoo2.string", "fields": {"pre": "", "file": 3, "locale": "fr", "value": "Ko", "key": "shrunked-unit.kilobytes", "post": ""}}, {"pk": 127, "model": "zoo2.string", "fields": {"pre": "", "file": 3, "locale": "fr", "value": "Taille maximum pour vos photos:", "key": "shrunked-maxsize.label", "post": ""}}, {"pk": 128, "model": "zoo2.string", "fields": {"pre": "", "file": 3, "locale": "fr", "value": "px", "key": "shrunked-custom.pixels", "post": ""}}, {"pk": 129, "model": "zoo2.string", "fields": {"pre": "", "file": 3, "locale": "fr", "value": "Avanc\u00e9", "key": "shrunked-advanced.label", "post": ""}}, {"pk": 130, "model": "zoo2.string", "fields": {"pre": "", "file": 3, "locale": "fr", "value": "R\u00e9\u00e9chantillonner les images en utilisant JavaScript", "key": "shrunked-advanced.resample.label", "post": ""}}, {"pk": 131, "model": "zoo2.string", "fields": {"pre": "", "file": 3, "locale": "fr", "value": "Transfert des donn\u00e9es EXIF", "key": "shrunked-advanced.exif.label", "post": ""}}, {"pk": 132, "model": "zoo2.string", "fields": {"pre": "", "file": 3, "locale": "fr", "value": "Roation automatique des images", "key": "shrunked-advanced.orient.label", "post": ""}}, {"pk": 133, "model": "zoo2.string", "fields": {"pre": "", "file": 3, "locale": "fr", "value": "Transf\u00e9rer les donn\u00e9es GPS", "key": "shrunked-advanced.gps.label", "post": ""}}, {"pk": 134, "model": "zoo2.string", "fields": {"pre": "", "file": 3, "locale": "fr", "value": "Messages d'erreur", "key": "shrunked-advanced.logenabled.label", "post": ""}}, {"pk": 135, "model": "zoo2.string", "fields": {"pre": "", "file": 3, "locale": "fr", "value": "Redimensionner cette image\u2026", "key": "shrunked-compose.context.label", "post": ""}}, {"pk": 136, "model": "zoo2.string", "fields": {"pre": "", "file": 4, "locale": "fr", "value": "d\u00e9sactiv\u00e9", "key": "disabled", "post": ""}}, {"pk": 137, "model": "zoo2.string", "fields": {"pre": "", "file": 4, "locale": "fr", "value": "%S\u2006px \u00d7 %S\u2006px", "key": "dimensions", "post": ""}}, {"pk": 138, "model": "zoo2.string", "fields": {"pre": "", "file": 4, "locale": "fr", "value": "O", "key": "yes_accesskey", "post": ""}}, {"pk": 139, "model": "zoo2.string", "fields": {"pre": "", "file": 4, "locale": "fr", "value": "Oui", "key": "yes_label", "post": ""}}, {"pk": 140, "model": "zoo2.string", "fields": {"pre": "", "file": 4, "locale": "fr", "value": "J", "key": "never_accesskey", "post": ""}}, {"pk": 141, "model": "zoo2.string", "fields": {"pre": "", "file": 4, "locale": "fr", "value": "Jamais pour ce site", "key": "never_label", "post": ""}}, {"pk": 142, "model": "zoo2.string", "fields": {"pre": "", "file": 4, "locale": "fr", "value": "N", "key": "no_accesskey", "post": ""}}, {"pk": 143, "model": "zoo2.string", "fields": {"pre": "", "file": 4, "locale": "fr", "value": "Non", "key": "no_label", "post": ""}}, {"pk": 144, "model": "zoo2.string", "fields": {"pre": "", "file": 4, "locale": "fr", "value": "1", "key": "question_pluralform", "post": ""}}, {"pk": 145, "model": "zoo2.string", "fields": {"pre": "", "file": 4, "locale": "fr", "value": "Redimensionner cette image?;Redimensionner ces images?", "key": "questions", "post": ""}}, {"pk": 146, "model": "zoo2.string", "fields": {"pre": "", "file": 4, "locale": "fr", "value": "Dimensions d'origine: %S\u2006px \u00d7 %S\u2006px", "key": "preview_originalsize", "post": ""}}, {"pk": 147, "model": "zoo2.string", "fields": {"pre": "", "file": 4, "locale": "fr", "value": "Taille d'origine: %S", "key": "preview_originalfilesize", "post": ""}}, {"pk": 148, "model": "zoo2.string", "fields": {"pre": "", "file": 4, "locale": "fr", "value": "Redimensionn\u00e9 \u00e0: %S\u2006px \u00d7 %S\u2006px", "key": "preview_resized", "post": ""}}, {"pk": 149, "model": "zoo2.string", "fields": {"pre": "", "file": 4, "locale": "fr", "value": "Estimation de la nouvelle taille\u2026", "key": "preview_resizedfilesize_estimating", "post": ""}}, {"pk": 150, "model": "zoo2.string", "fields": {"pre": "", "file": 4, "locale": "fr", "value": "Estimation de la nouvelle taille: %S", "key": "preview_resizedfilesize", "post": ""}}, {"pk": 151, "model": "zoo2.string", "fields": {"pre": "", "file": 4, "locale": "fr", "value": "Non redimensionn\u00e9e", "key": "preview_notresized", "post": ""}}, {"pk": 152, "model": "zoo2.string", "fields": {"pre": "", "file": 4, "locale": "fr", "value": "B", "key": "unit_bytes", "post": ""}}, {"pk": 153, "model": "zoo2.string", "fields": {"pre": "", "file": 4, "locale": "fr", "value": "kB", "key": "unit_kilobytes", "post": ""}}, {"pk": 154, "model": "zoo2.string", "fields": {"pre": "", "file": 4, "locale": "fr", "value": "MB", "key": "unit_megabytes", "post": ""}}, {"pk": 155, "model": "zoo2.string", "fields": {"pre": "", "file": 4, "locale": "fr", "value": "Redimensionnement de l'image\u2026;Redimensionnement des images\u2026", "key": "status_resizing", "post": ""}}, {"pk": 156, "model": "zoo2.string", "fields": {"pre": "", "file": 4, "locale": "fr", "value": "Shrunked Image Resizer a \u00e9t\u00e9 mis \u00e0 jour \u00e0 la version %S. Shrunked est gratuit, mais une don sera appr\u00e9ci\u00e9!", "key": "donate_notification", "post": ""}}, {"pk": 157, "model": "zoo2.string", "fields": {"pre": "", "file": 4, "locale": "fr", "value": "Donner", "key": "donate_button_label", "post": ""}}, {"pk": 158, "model": "zoo2.string", "fields": {"pre": "", "file": 4, "locale": "fr", "value": "D", "key": "donate_button_accesskey", "post": ""}}, {"pk": 159, "model": "zoo2.string", "fields": {"pre": "", "file": 3, "locale": "en-US", "value": "Shrunked Image Resizer Configuration", "key": "shrunked-config.title", "post": "\n"}}, {"pk": 160, "model": "zoo2.string", "fields": {"pre": "", "file": 3, "locale": "en-US", "value": "Site Settings", "key": "shrunked-sites.label", "post": "\n"}}, {"pk": 161, "model": "zoo2.string", "fields": {"pre": "", "file": 3, "locale": "en-US", "value": "Site", "key": "shrunked-sites.sitelist.site", "post": "\n"}}, {"pk": 162, "model": "zoo2.string", "fields": {"pre": "", "file": 3, "locale": "en-US", "value": "Settings", "key": "shrunked-sites.sitelist.settings", "post": "\n"}}, {"pk": 163, "model": "zoo2.string", "fields": {"pre": "", "file": 3, "locale": "en-US", "value": "Forget Selected", "key": "shrunked-sites.forget.label", "post": "\n"}}, {"pk": 164, "model": "zoo2.string", "fields": {"pre": "", "file": 3, "locale": "en-US", "value": "Defaults", "key": "shrunked-defaults.label", "post": "\n"}}, {"pk": 165, "model": "zoo2.string", "fields": {"pre": "", "file": 3, "locale": "en-US", "value": "JPEG Encoder Quality:", "key": "shrunked-defaults.quality.label", "post": "\n"}}, {"pk": 166, "model": "zoo2.string", "fields": {"pre": "", "file": 3, "locale": "en-US", "value": "Smaller Files", "key": "shrunked-defaults.quality.smaller", "post": "\n"}}, {"pk": 167, "model": "zoo2.string", "fields": {"pre": "", "file": 3, "locale": "en-US", "value": "Better Quality", "key": "shrunked-defaults.quality.better", "post": "\n"}}, {"pk": 168, "model": "zoo2.string", "fields": {"pre": "", "file": 3, "locale": "en-US", "value": "Shrunked Image Resizer Options", "key": "shrunked-options.title", "post": "\n"}}, {"pk": 169, "model": "zoo2.string", "fields": {"pre": "", "file": 3, "locale": "en-US", "value": "Remember my answer for this website", "key": "shrunked-options.remembersite.label", "post": "\n"}}, {"pk": 170, "model": "zoo2.string", "fields": {"pre": "", "file": 3, "locale": "en-US", "value": "Save as default settings", "key": "shrunked-options.savedefault.label", "post": "\n"}}, {"pk": 171, "model": "zoo2.string", "fields": {"pre": "", "file": 3, "locale": "en-US", "value": "Original", "key": "shrunked-noresize.label", "post": "\n"}}, {"pk": 172, "model": "zoo2.string", "fields": {"pre": "", "file": 3, "locale": "en-US", "value": "500\u2006px", "key": "shrunked-small.label", "post": "\n"}}, {"pk": 173, "model": "zoo2.string", "fields": {"pre": "", "file": 3, "locale": "en-US", "value": "800\u2006px", "key": "shrunked-medium.label", "post": "\n"}}, {"pk": 174, "model": "zoo2.string", "fields": {"pre": "", "file": 3, "locale": "en-US", "value": "1200\u2006px", "key": "shrunked-large.label", "post": "\n"}}, {"pk": 175, "model": "zoo2.string", "fields": {"pre": "", "file": 3, "locale": "en-US", "value": "Custom", "key": "shrunked-custom.label", "post": "\n"}}, {"pk": 176, "model": "zoo2.string", "fields": {"pre": "", "file": 3, "locale": "en-US", "value": "Width:", "key": "shrunked-width.label", "post": "\n"}}, {"pk": 177, "model": "zoo2.string", "fields": {"pre": "", "file": 3, "locale": "en-US", "value": "Height:", "key": "shrunked-height.label", "post": "\n"}}, {"pk": 178, "model": "zoo2.string", "fields": {"pre": "", "file": 3, "locale": "en-US", "value": "Preview:", "key": "shrunked-preview.label", "post": "\n"}}, {"pk": 179, "model": "zoo2.string", "fields": {"pre": "", "file": 3, "locale": "en-US", "value": "Previous image", "key": "shrunked-preview.previous.tooltip", "post": "\n"}}, {"pk": 180, "model": "zoo2.string", "fields": {"pre": "", "file": 3, "locale": "en-US", "value": "Next image", "key": "shrunked-preview.next.tooltip", "post": "\n"}}, {"pk": 181, "model": "zoo2.string", "fields": {"pre": "", "file": 3, "locale": "en-US", "value": "Minimum file size to resize:", "key": "shrunked-minsize.label", "post": "\n"}}, {"pk": 182, "model": "zoo2.string", "fields": {"pre": "<!-- Localization note: this should match unit_kilobytes in shrunked.properties -->\n", "file": 3, "locale": "en-US", "value": "kB", "key": "shrunked-unit.kilobytes", "post": "\n"}}, {"pk": 183, "model": "zoo2.string", "fields": {"pre": "", "file": 3, "locale": "en-US", "value": "Maximum size for your photos:", "key": "shrunked-maxsize.label", "post": "\n"}}, {"pk": 184, "model": "zoo2.string", "fields": {"pre": "", "file": 3, "locale": "en-US", "value": "px", "key": "shrunked-custom.pixels", "post": "\n"}}, {"pk": 185, "model": "zoo2.string", "fields": {"pre": "", "file": 3, "locale": "en-US", "value": "Advanced", "key": "shrunked-advanced.label", "post": "\n"}}, {"pk": 186, "model": "zoo2.string", "fields": {"pre": "", "file": 3, "locale": "en-US", "value": "Resample images using javascript", "key": "shrunked-advanced.resample.label", "post": "\n"}}, {"pk": 187, "model": "zoo2.string", "fields": {"pre": "", "file": 3, "locale": "en-US", "value": "Transfer EXIF data", "key": "shrunked-advanced.exif.label", "post": "\n"}}, {"pk": 188, "model": "zoo2.string", "fields": {"pre": "", "file": 3, "locale": "en-US", "value": "Automatically rotate images", "key": "shrunked-advanced.orient.label", "post": "\n"}}, {"pk": 189, "model": "zoo2.string", "fields": {"pre": "", "file": 3, "locale": "en-US", "value": "Transfer GPS data", "key": "shrunked-advanced.gps.label", "post": "\n"}}, {"pk": 190, "model": "zoo2.string", "fields": {"pre": "", "file": 3, "locale": "en-US", "value": "Log messages to Error Console", "key": "shrunked-advanced.logenabled.label", "post": "\n"}}, {"pk": 191, "model": "zoo2.string", "fields": {"pre": "", "file": 3, "locale": "en-US", "value": "Resize this image\u2026", "key": "shrunked-compose.context.label", "post": "\n"}}, {"pk": 192, "model": "zoo2.string", "fields": {"pre": "", "file": 4, "locale": "en-US", "value": "disabled", "key": "disabled", "post": ""}}, {"pk": 193, "model": "zoo2.string", "fields": {"pre": "", "file": 4, "locale": "en-US", "value": "%S\u2006px \u00d7 %S\u2006px", "key": "dimensions", "post": ""}}, {"pk": 194, "model": "zoo2.string", "fields": {"pre": "", "file": 4, "locale": "en-US", "value": "Y", "key": "yes_accesskey", "post": ""}}, {"pk": 195, "model": "zoo2.string", "fields": {"pre": "", "file": 4, "locale": "en-US", "value": "Yes", "key": "yes_label", "post": ""}}, {"pk": 196, "model": "zoo2.string", "fields": {"pre": "", "file": 4, "locale": "en-US", "value": "e", "key": "never_accesskey", "post": ""}}, {"pk": 197, "model": "zoo2.string", "fields": {"pre": "", "file": 4, "locale": "en-US", "value": "Never for this site", "key": "never_label", "post": ""}}, {"pk": 198, "model": "zoo2.string", "fields": {"pre": "", "file": 4, "locale": "en-US", "value": "N", "key": "no_accesskey", "post": ""}}, {"pk": 199, "model": "zoo2.string", "fields": {"pre": "", "file": 4, "locale": "en-US", "value": "No", "key": "no_label", "post": ""}}, {"pk": 200, "model": "zoo2.string", "fields": {"pre": "# Localization note: see https://developer.mozilla.org/en-US/docs/Localization_and_Plurals for help here\n", "file": 4, "locale": "en-US", "value": "1", "key": "question_pluralform", "post": ""}}, {"pk": 201, "model": "zoo2.string", "fields": {"pre": "# Localization note: see https://developer.mozilla.org/en-US/docs/Localization_and_Plurals for help here\n", "file": 4, "locale": "en-US", "value": "Resize this image?;Resize these images?", "key": "questions", "post": ""}}, {"pk": 202, "model": "zoo2.string", "fields": {"pre": "", "file": 4, "locale": "en-US", "value": "Original dimensions: %S\u2006px \u00d7 %S\u2006px", "key": "preview_originalsize", "post": ""}}, {"pk": 203, "model": "zoo2.string", "fields": {"pre": "", "file": 4, "locale": "en-US", "value": "Original file size: %S", "key": "preview_originalfilesize", "post": ""}}, {"pk": 204, "model": "zoo2.string", "fields": {"pre": "", "file": 4, "locale": "en-US", "value": "Resized to: %S\u2006px \u00d7 %S\u2006px", "key": "preview_resized", "post": ""}}, {"pk": 205, "model": "zoo2.string", "fields": {"pre": "", "file": 4, "locale": "en-US", "value": "Estimating new file size\u2026", "key": "preview_resizedfilesize_estimating", "post": ""}}, {"pk": 206, "model": "zoo2.string", "fields": {"pre": "", "file": 4, "locale": "en-US", "value": "Estimated new file size: %S", "key": "preview_resizedfilesize", "post": ""}}, {"pk": 207, "model": "zoo2.string", "fields": {"pre": "", "file": 4, "locale": "en-US", "value": "Not resized", "key": "preview_notresized", "post": ""}}, {"pk": 208, "model": "zoo2.string", "fields": {"pre": "", "file": 4, "locale": "en-US", "value": "B", "key": "unit_bytes", "post": ""}}, {"pk": 209, "model": "zoo2.string", "fields": {"pre": "# Localization note: this should match shrunked-unit.kilobytes in shrunked.dtd\n", "file": 4, "locale": "en-US", "value": "kB", "key": "unit_kilobytes", "post": ""}}, {"pk": 210, "model": "zoo2.string", "fields": {"pre": "", "file": 4, "locale": "en-US", "value": "MB", "key": "unit_megabytes", "post": ""}}, {"pk": 211, "model": "zoo2.string", "fields": {"pre": "\n# Localization note: see https://developer.mozilla.org/en-US/docs/Localization_and_Plurals for help here\n", "file": 4, "locale": "en-US", "value": "Resizing image\u2026;Resizing images\u2026", "key": "status_resizing", "post": ""}}, {"pk": 212, "model": "zoo2.string", "fields": {"pre": "\n", "file": 4, "locale": "en-US", "value": "Shrunked Image Resizer has been updated to version %S. Shrunked is free, but your donation is appreciated!", "key": "donate_notification", "post": ""}}, {"pk": 213, "model": "zoo2.string", "fields": {"pre": "", "file": 4, "locale": "en-US", "value": "Donate", "key": "donate_button_label", "post": ""}}, {"pk": 214, "model": "zoo2.string", "fields": {"pre": "", "file": 4, "locale": "en-US", "value": "D", "key": "donate_button_accesskey", "post": ""}}]